smoke_i,dis_i,dep_i,temp_i,hum_i,light_i
51.83945,53.02943,49.99386,50.50239,51.24669,49.09019
